단어,발음,뜻,한자
ああ,아아,저렇게,
あいさつ,아이사츠,인사,
あいだ,아이다,사이. 간격. ...동안,間
あう,아우,맞다. 서로 ...하다,合う
あう,아우,만나다,会う
あおい,아오이,파랗다. 푸르다,青い
あかい,아카이,붉다. 빨갛다,赤い
あかちゃん,아카챤,아기,赤ちゃん
あがる,아가루,오르다,上がる
あかるい,아카루이,밝다. 환하다. 명랑하다,明るい
あき,아키,가을,秋
あく,아쿠,열리다,開く
あく,아쿠,비다. 들어 있지 않다,空く
あける,아케루,열다,開ける
あげる,아게루,주다,
あげる,아게루,올리다,上げる
あご,아고,턱,
あさ,아사,아침,朝
あさい,아사이,얕다. 깊지 않다,浅い
あさごはん,아사고한,아침 밥,朝御飯
あさって,아삿테,모레,
あし,아시,발,足
あじ,아지,맛,味
あしおと,아시오토,발소리,足音
あした,아시타,내일,明日
あす,아스,내일 (=あした),明日
あせ,아세,땀,汗
あそこ,아소코,저기. 저쪽,
あそび,아소비,노는 일. 놀이. 유흥,遊び
あそぶ,아소부,놀다,遊ぶ
あたま,아타마,머리,頭
あたらしい,아타라시이,새롭다,新しい
あちら,아치라,저쪽,
あつい,아츠이,덥다,暑い
あつい,아츠이,뜨겁다,熱い
あつい,아츠이,두껍다. 두텁다,厚い
あつさ,아츠사,더위,暑さ
あつまる,아츠마루,모이다,集まる
あつめる,아츠메루,모으다,集める
あと,아토,뒤. 뒤쪽. 나중,後
あなた,아나타,당신,
あに,아니,(나의) 형. 오빠,兄
あね,아네,(나의) 누나. 언니,姉
あの,아노,저,
あびる,아비루,뒤집어쓰다. (샤워를) 하다,浴びる
あぶない,아부나이,위험하다,危ない
あまい,아마이,달다. 달콤하다,甘い
あまり,아마리,그다지. 별로 (+부정문),
あまり,아마리,남은 것. 나머지,余り
あめ,아메,비,雨
あめ,아메,엿,飴
あやまる,아야마루,사죄하다. 사과하다,謝る
あらう,아라우,씻다,洗う
ありがとうございます,아리가토우고자이마스,감사합니다,
ある,아루,있다,
あるく,아루쿠,걷다,歩く
あれ,아레,저것,
あんしん,안신,안심,安心
あんぜん,안젠,안전,安全
あんな,안나,저런,
あんない,안나이,안내,案内
あんなに,안나니,그렇게,
いい,이이,좋다,良い
いいえ,이이에,아니,
いう,이우,말하다,言う
いえ,이에,집,家
いか,이카,이하,以下
いがい,이가이,이외. 그 밖,以外
いかが,이카가,어떻게. 어떻습니까,
いがく,이가쿠,의학,医学
いきかた,이키카타,삶. 생활. 생활 방식,生き方
いきかた,이키카타,가는 방법. →ゆきかた,行き方
いきる,이키루,(삶을) 살다. 생존하다,生きる
いく,이쿠,가다,行く
いくつ,이쿠츠,몇. 몇 개. 몇 살,幾つ
いくら,이쿠라,얼마. 어느 정도. 얼마나,
いけ,이케,못,池
いけん,이켄,의견,意見
いし,이시,돌,石
いじめる,이지메루,괴롭히다,
いしゃ,이샤,의사,医者
いじょう,이죠우,이상,以上
いす,이스,의자,椅子
いそがしい,이소가시이,바쁘다,忙しい
いそぐ,이소구,서두르다,急ぐ
いたい,이타이,아프다,痛い
いたす,이타스,하다. ‘する’의 겸양어,致す
いただく,이타다쿠,받다. 받들다. ‘もらう’의 겸양어,頂く
いち,이치,1,一
いちいち,이치이치,일일이. 하나하나,一々
いちがつ,이치가츠,1월,一月
いちじ,이치지,일시. 한때. 한동안,一時
いちど,이치도,한번,一度
いちにち,이치니치,하루,一日
いちにちじゅう,이치니치쥬우,하루종일,一日中
いちねん,이치넨,1년,一年
いちばん,이치반,1번. 첫째. 가장. 제일,一番
いつ,이츠,언제,
いつか,이츠카,언젠가,
いつか,이츠카,5일,五日
いっかい,잇카이,1회. 한 번,一回
いっこ,잇코,1개,一個
いっしゅうかん,잇슈우칸,일주일,一週間
いっしょ,잇쇼,함께. 같이,一緒
いっしょうけんめい,잇쇼우켄메이,열심히,一生懸命
いっしょに,잇쇼니,함께. 같이,
いったい,잇타이,도대체,一体
いつつ,이츠츠,다섯,五つ
いってらっしゃい,잇테랏샤이,다녀오세요,行ってらっしゃい
いっぱい,잇파이,1.1잔 2.가득,一杯
いっぷん,잇푼,1분,一分
いっぽん,잇폰,1자루. 1병,一本
いつも,이츠모,언제나. 늘,
いと,이토,실,糸
いない,이나이,이내,以内
いなか,이나카,시골. 지방,田舎
いぬ,이누,개,犬
いのち,이노치,목숨. 생명,命
いのる,이노루,빌다. 기도하다. 진심으로 바라다,祈る
いま,이마,거실,居間
いま,이마,지금,今
いみ,이미,의미. 뜻,意味
いもうと,이모우토,여동생,妹
いやな,이야나,싫은,嫌な
いらっしゃいませ,이랏샤이마세,어서 오십시오,
いらっしゃる,이랏샤루,‘来る’‘行く’‘いる’의 존경어. 가시다. 오시다. 계시다,
いりぐち,이리구치,입구,入(り)口
いる,이루,있다,
いる,이루,필요하다,要る
いれる,이레루,넣다,入れる
いろ,이로,색. 빛,色
いろいろ,이로이로,여러 가지. 가지각색,色々
いろがみ,이로가미,색종이,色紙
いわう,이와우,축하하다. 축복하다,祝う
いんしゅ,인슈,음주,飲酒
うえ,우에,위,上
うえる,우에루,심다,植える
うかがう,우카가우,1여쭙다.‘묻다’의 겸양어. 2찾아뵙다.‘찾다·방문하다’의 겸양어,伺う
うけつけ,우케츠케,접수. 접수처,受付
うける,우케루,(추상적인 것을) 받다,受ける
うごく,우고쿠,...이 움직이다,動く
うしろ,우시로,뒤. 뒤쪽,後ろ
うすい,우스이,얇다. 옅다. 싱겁다,薄い
うそ,우소,거짓말,嘘
うた,우타,노래,歌
うたう,우타우,노래 부르다,歌う
うち,우치,안. 속. 내부,内
うちがわ,우치가와,안쪽. 내면,内側
うつ,우츠,치다. 때리다. 두드리다,打つ
うつくしい,우츠쿠시이,아름답다,美しい
うつす,우츠스,베끼다. 모사하다. 그리다. 묘사하다. 촬영하다,写す
うで,우데,팔. 솜씨,腕
うまい,우마이,맛있다. 잘하다,
うまれる,우마레루,태어나다. 출생하다,生(ま)れる·産(ま)れる
うみ,우미,바다,海
うら,우라,뒤. 뒷면,裏
うりば,우리바,파는 곳. 매장,売(り)場
うる,우루,팔다,売る
うるさい,우루사이,시끄럽다,
うれしい,우레시이,기쁘다,
うわぎ,우와기,겉옷. 윗도리. 내복 위에 입는 옷,上着
うん,운,운. 운명. 운수,運
うんてん,운텐,운전,運転
うんてんしゅ,운텐슈,운전 기사,運転手
うんどう,운도우,운동,運動
うんどうかい,운도우카이,운동회. 체육대회,運動会
え,에,그림,絵
エアコン,에아콘,에어컨,
えいが,에이가,영화,映画
えいかいわ,에이카이와,영어 회화,英会話
えいがかん,에이가칸,영화관. 극장,映画館
えいぎょう,에이교우,영업,営業
えいご,에이고,영어,英語
ええ,에에,네. 예,
えき,에키,역,駅
えきいん,에키인,역원. 역무원,駅員
えだ,에다,가지,枝
えらぶ,에라부,고르다. 가리다. 택하다,選ぶ
えん,엔,동그라미. 둥근 것. 엔(일본화페단위),円
えんぴつ,엔피츠,연필,鉛筆
えんりょ,엔료,사양,遠慮
おいしい,오이시이,맛있다,
おいわい,오이와이,축하(선물),お祝い
おうだんほどう,오우단호도우,횡단 보도,横断歩道
おおあめ,오오아메,큰비,大雨
おおい,오오이,많다,多い
おおきい,오오키이,크다,大きい
おおきな,오오키나,큰,大きな
おおぜい,오오제이,많은 사람. 여럿,大勢
おおゆき,오오유키,큰눈,大雪
おかあさん,오카아산,어머니,お母さん
おかげ,오카게,덕택. 덕분,
おかげさまで,오카게사마데,덕분에,
おかし,오카시,과자,お菓子
おかしい,오카시이,1우습다. 2이상하다,
おかね,오카네,돈,お金
おきゃくさん,오캬쿠산,손님,お客さん
おきる,오키루,일어나다,起きる
おく,오쿠,억,億
おく,오쿠,두다. 놓다,置く
おくさん,오쿠산,남의 아내의 높임말. 부인,奥さん
おくさん,오쿠산,부인. 아주머니,奥さん
おくじょう,오쿠죠우,옥상,屋上
おくりもの,오쿠리모노,선물,贈(り)物
おくる,오쿠루,보내다. 부치다. 송금하다,送る
おくれる,오쿠레루,늦다. 늦어지다. 더디다,遅れる
おこさん,오코산,자녀분. 자제분,お子さん
おこす,오코스,일으키다. 일으켜 세우다,起こす
おこる,오코루,성내다. 화내다. 꾸짖다,怒る
おさけ,오사케,술,お酒
おさら,오사라,접시,お皿
おじ,오지,삼촌. 백부. 부모와 같은 연배의 남자. 아저씨,
おじいさん,오지이산,할아버지,
おしいれ,오시이레,벽장,押し入れ
おしえる,오시에루,가르치다,教える
おじさん,오지산,아저씨. 백부·숙부의 높임말,
おしまい,오시마이,끝. 마지막,
おじょうさん,오죠우산,아가씨,お嬢さん
おす,오스,밀다. 누르다,押す
おすし,오스시,생선초밥,
おそい,오소이,늦다. 느리다. 더디다,遅い
おたく,오타쿠,상대방 집의 높임말. 댁.,お宅
おちゃ,오챠,차,お茶
おちる,오치루,떨어지다,落ちる
おっしゃる,옷샤루,말씀하시다,
おっと,옷토,남편,夫
おつり,오츠리,거스름돈,お釣り
おてあらい,오테아라이,화장실,お手洗い
おでかけ,오데카케,외출,お出かけ
おと,오토,소리,音
おとうさん,오토우산,아버지,お父さん
おとうと,오토우토,남동생,弟
おとこ,오토코,남자. 사나이,男
おとこのこ,오토코노코,남자 아이. 젊은 남자,男の子
おとこのひと,오토코노히토,남자,男の人
おとしもの,오토시모노,분실물. 빠뜨린 물건. 유실물,落とし物
おとしより,오토시요리,노인,お年寄り
おとす,오토스,떨어뜨리다,落とす
おととい,오토토이,그저께,
おととし,오토토시,재작년,
おとな,오토나,어른. 성인,大人
おとなしい,오토나시이,떠들거나 장난하지 않고 조용하다. 온순하다. 얌전하다,
おどり,오도리,춤,踊り
おどる,오도루,춤추다,踊る
おどろく,오도로쿠,놀라다,驚く
おなか,오나카,배,お腹
おなじ,오나지,같은. 동일한,同じ
おにいさん,오니이산,형. 오빠,お兄さん
おねえさん,오네에산,누나. 언니,お姉さん
おば,오바,아주머니. 남의 어른 여자,
おばあさん,오바아산,할머니,
おばさん,오바산,아주머니. 부인네를 높이여 정답게 부르는 말. 백모·숙모·고모·이모 등의,
おはようございます,오하요우고자이마스,안녕하세요 <아침 인사>,
おふろ,오후로,목욕. 욕실,お風呂
おべんとう,오벤토우,도시락,お弁当
おぼえる,오보에루,외우다. 기억하다,覚える
おまつり,오마츠리,축제. =まつり,お祭(り)
おまわりさん,오마와리산,경찰관,
おみまい,오미마이,문병,お見舞い
おめでとうございます,오메데토우고자이마스,축하합니다,
おもい,오모이,무겁다,重い
おもいだす,오모이다스,...를 생각해 내다. ...이 생각나다,思い出す
おもう,오모우,생각하다. 헤아리다. 느끼다,思う
おもしろい,오모시로이,재미있다,
おもちゃ,오모챠,장난감. 완구,
おもて,오모테,표면. 겉,表
おや,오야,아니. 어머나. 이런,
おやすみに なる,오야스미니 나루,주무시다(寝る 眠る의 존경어),お休みになる
おゆ,오유,뜨거운 물. 목욕물. 데운 물,お湯
およぐ,오요구,헤엄치다. 수영하다,泳ぐ
おりる,오리루,(차에서) 내리다,降りる
おりる,오리루,내리다. 내려오다,下りる
おる,오루,있다. (いる의 겸양어),
おれる,오레루,꺾어지다. 부러지다,折れる
おわり,오와리,끝. 마지막,終わり
おわる,오와루,끝나다. 마치다,終わる
お-,오-,존경·공손을 나타내는 말. 표현을 부드럽게 하는 말,御
おんがく,온가쿠,음악,音楽
おんな,온나,여자,女
おんなのこ,온나노코,여자 아이. 젊은 여자. 아가씨,女の子
おんなのひと,온나노히토,여자,女の人
かい,카이,모임. 회. 단체,会
かいがん,카이간,해안. 바닷가,海岸
かいぎ,카이기,회의,会議
がいこく,가이코쿠,외국,外国
かいしゃ,카이샤,회사,会社
かいしゃいん,카이샤인,회사원,会社員
かいじょう,카이죠우,회장. 모이는 장소,会場
がいしょく,가이쇼쿠,외식,外食
かいだん,카이단,계단,階段
がいぶ,가이부,외부,外部
かいもの,카이모노,쇼핑. 장보기. 물건을 삼,買(い)物
かいわ,카이와,회화,会話
かう,카우,사다. 구입하다,買う
かう,카우,(동물을) 키우다. 기르다,飼う
かえす,카에스,돌려주다,返す
かえり,카에리,돌아옴. 돌아감. 돌아올 때,帰り
かえる,카에루,바꾸다. 변화시키다,変える
かえる,카에루,돌아가다. 돌아오다,帰る
かお,카오,얼굴,顔
かがく,카가쿠,과학,科学
かがみ,카가미,거울,鏡
かかる,카카루,(시간이) 걸리다. (돈이) 들다,
かぎ,카기,열쇠,鍵
かきかた,카키카타,쓰기. 쓰는 법,書き方
かく,카쿠,쓰다. 적다,書く
がくせい,가쿠세이,학생,学生
かける,카케루,걸다. 늘어뜨리다. 달다. 채우다. 잠그다,
かさ,카사,우산,傘
かざり,카자리,꾸밈. 장식,飾り
かざる,카자루,장식하다. 꾸미다. 치장하다,飾る
かじ,카지,화재. 불,火事
かしこまりました,카시코마리마시타,잘 알겠습니다. 분부대로 하겠습니다,
かしゅ,카슈,가수,歌手
かす,카스,빌려주다,貸す
かぜ,카제,바람,風
かぜ,카제,감기,風邪
かぞく,카조쿠,가족,家族
かた,카타,어깨,肩
かた,카타,분 (ひと의 존경어),方
かたい,카타이,단단하다. 딱딱하다. 견고하다,堅い·固い
かたち,카타치,모양. 꼴,形
かたづける,카타즈케루,치우다. 정돈하다,片付ける
かちょう,카쵸우,과장,課長
かつ,카츠,이기다. 승리하다,勝つ
かっこいい,캇코이이,멋있다,
かっこう,캇코우,모습. 꼴,
がっこう,갓코우,학교,学校
かっこわるい,캇코와루이,꼴사납다. 멋없다,かっこ悪い
かてい,카테이,가정,家庭
かど,카도,모난 귀퉁이. 구석. 길모퉁이,角
かない,카나이,아내. 집사람,家内
かなしい,카나시이,슬프다,悲しい
かならず,카나라즈,반드시. 꼭,必ず
かなり,카나리,제법. 어지간히. 상당히,
かねもち,카네모치,부자,金持ち
かのじょ,카노죠,그녀. 여자친구. 애인,彼女
かばん,카반,가방,鞄
かびん,카빈,꽃병,花瓶
かぶる,카부루,(모자를) 쓰다,
かべ,카베,벽,壁
がまんする,가만스루,참다,
かみ,카미,종이,紙
かみ,카미,머리카락,髪
かむ,카무,물다. 씹다,嚙む·咬む
かよう,카요우,다니다,通う
かようび,카요우비,화요일,火曜日
からい,카라이,맵다,辛い
ガラス,가라스,유리,
からだ,카라다,몸,体
かりる,카리루,빌리다. 꾸다,借りる
かるい,카루이,가볍다,軽い
かれ,카레,그. 그이. 저이. 남자친구,彼
かれら,카레라,그들. 그 사람들,彼ら
かわ,카와,하천. 강. 내,川·河
がわ,가와,...측. ...쪽,側
かわいい,카와이이,귀엽다,
かわく,카와쿠,마르다. 건조하다,乾く
かわり,카와리,대신. 대리. 대용. 교대,代わり
かわる,카와루,변하다. 바뀌다,変わる
かんがえかた,칸가에카타,사고방식,考え方
かんがえる,칸가에루,생각하다. 고안하다,考える
かんけい,칸케이,관계,関係
かんこう,칸코우,관광,観光
かんごし,칸고시,간호사,看護師
かんじ,칸지,한자,漢字
かんたんな,칸탄나,간단한,簡単な
がんばる,간바루,계속 노력하다. 열심히 하다,頑張る
き,키,나무,木
き,키,기운. 기. 기력,気
きいろい,키이로이,노랗다,黄色い
きえる,키에루,꺼지다. 사라지다. 없어지다,消える
きかい,키카이,기계,機械
きかい,키카이,기회,機会
きかん,키칸,기간,期間
ききとり,키키토리,듣기. 청취,聞き取り
きく,키쿠,1.듣다 2.물어보다,聞く
きけん,키켄,위험,危険
きこえる,키코에루,들리다,聞こえる
きしゃ,키샤,기자,記者
きしゃ,키샤,기차,汽車
ぎじゅつ,기쥬츠,기술,技術
きせつ,키세츠,계절,季節
きそく,키소쿠,규칙,規則
きた,키타,북. 북쪽,北
きたない,키타나이,더럽다,汚い
きっさてん,킷사텐,찻집. 다방. 커피숍,喫茶店
きって,킷테,우표,切手
きっと,킷토,꼭. 반드시,
きっぷ,킷푸,표. 티켓,切符
きにいる,키니이루,마음에 들다,気に入る
きぬ,키누,명주. 비단,絹
きのう,키노우,어제,昨日
きびしい,키비시이,엄하다. 엄격하다,厳しい
きぶん,키분,기분,気分
きまる,키마루,정해지다. 결정되다,決まる
きみ,키미,그대. 자네. 너,君
きめる,키메루,정하다. 결정하다,決める
きもち,키모치,마음. 기분,気持ち
きもの,키모노,일본 전통옷,着物
きゃく,캬쿠,손님,客
きゅう,큐우,9,九
きゅうこう,큐우코우,급행. ‘急行列車’의 준말,急行
きゅうに,큐우니,갑자기,急に
ぎゅうにく,규우니쿠,쇠고기,牛肉
ぎゅうにゅう,규우뉴우,우유,牛乳
きゅうにん,큐우닌,9명,九人
きゅうねん,큐우넨,9년,九年
きゅうふん,큐우훈,9분,九分
きょう,쿄우,오늘,今日
きょういく,쿄우이쿠,교육,教育
きょうかい,쿄우카이,교회,教会
きょうしつ,쿄우시츠,교실,教室
きょうだい,쿄우다이,형제,兄弟
きょうみ,쿄우미,흥미,興味
きょねん,쿄넨,작년,去年
きらいな,키라이나,싫어하는. 마음에 들지 않는,嫌いな
きる,키루,베다. 자르다. 절단하다. →きれる(잘리다),切る
きる,키루,옷을 입다,着る
きれいな,키레이나,예쁜. 깨끗한,
きんぎょ,킨교,금붕어,金魚
ぎんこう,긴코우,은행,銀行
きんじょ,킨죠,근처. 또는 이웃집,近所
きんようび,킨요우비,금요일,金曜日
ぐあい,구아이,형편. 상태,具合
くうき,쿠우키,공기,空気
くうこう,쿠우코우,공항,空港
くがつ,쿠가츠,9월,九月
くさ,쿠사,풀,草
くじ,쿠지,9시,九時
くすり,쿠스리,약,薬
ください,쿠다사이,주세요. →くださる,下さい
くださる,쿠다사루,(나에게) 주시다. (나에게) ...하여 주시다. くれる의 존경어,下さる
くだもの,쿠다모노,과일,果物
くち,쿠치,입,口
くつ,쿠츠,신. 신발. 구두,靴
くつした,쿠츠시타,양말,靴下
くに,쿠니,나라. 국가,国
くび,쿠비,목,首
くも,쿠모,구름,雲
くもり,쿠모리,흐림,曇(り)
くもる,쿠모루,흐리다. 흐려지다,曇る
くらい,쿠라이,...정도. ...만큼,
くらい,쿠라이,어둡다,暗い
ぐらい,구라이,→くらい,
くらべる,쿠라베루,비교하다. 대조하다,比べる
くる,쿠루,오다,来る
くるしい,쿠루시이,괴롭다. 고통스럽다,苦しい
くるま,쿠루마,수레의 총칭. 차,車
くれる,쿠레루,(날이) 저물다. (해가) 지다,暮れる
くろい,쿠로이,검다. 까맣다,黒い
ぐんじん,군진,군인,軍人
け,케,털,毛
けいかく,케이카쿠,계획,計画
けいけん,케이켄,경험,経験
けいざい,케이자이,경제,経済
けいさつ,케이사츠,경찰,警察
けが,케가,상처. 부상,怪我
けさ,케사,오늘 아침,今朝
けしき,케시키,경치. 풍경,景色
けしゴム,케시고무,고무 지우개,消しゴム
げしゅく,게슈쿠,하숙,下宿
けす,케스,(불을) 끄다. 지우다,消す
けっこう,켓코우,제법. 그런대로. 충분히,結構
けっこうだ,켓코우다,괜찮다. 됐다 (거절할 때 쓰기도 함),結構だ
けっこん,켓콘,결혼,結婚
けっして,켓시테,결코. 절대로,決して
けっせき,켓세키,결석,欠席
げつようび,게츠요우비,월요일,月曜日
けれども,케레도모,그러나. 그렇지만,
げんいん,겐인,원인,原因
けんか,켄카,다툼. 싸움,喧嘩
げんかん,겐칸,현관,玄関
げんき,겐키,기력. 힘,元気
げんきな,겐키나,건강한,元気な
けんきゅうしつ,켄큐우시츠,연구실,研究室
けんぶつ,켄부츠,구경,見物
こ,코,자식. 아이. 애,子
ご,고,5,五
こいぬ,코이누,강아지,小犬·子犬
こうえん,코우엔,공원,公園
こうかい,코우카이,공개,公開
こうがい,코우가이,교외,郊外
こうぎ,코우기,강의,講義
こうぎょう,코우교우,공업,工業
こうこう,코우코우,고등학교,高校
こうこうせい,코우코우세이,고등학생,高校生
こうさてん,코우사텐,교차로. 네거리,交差点
こうじ,코우지,공사,工事
こうじょう,코우죠우,공장,工場
こうちゃ,코우챠,홍차,紅茶
こうちょう,코우쵸우,교장,校長
こうつう,코우츠우,교통,交通
こうどう,코우도우,강당,講堂
こうばん,코우반,파출소,交番
こうむいん,코우무인,공무원,公務員
こえ,코에,소리,声
こおり,코오리,얼음,氷
ごがつ,고가츠,5월,五月
こくさい,코쿠사이,국제,国際
こくさん,코쿠산,국산,国産
こくない,코쿠나이,국내,国内
こくみん,코쿠민,국민,国民
こくりつ,코쿠리츠,국립,国立
ここ,코코,여기,
ごご,고고,오후,午後
ここのか,코코노카,9일,九日
ここのつ,코코노츠,아홉,九つ
こころ,코코로,마음. 느낌,心
ございます,고자이마스,‘~です’의 공손한 말,
ごじ,고지,5시,五時
こしょう,코쇼우,고장,故障
こじん,코진,개인,個人
ごぜん,고젠,오전,午前
ごぞんじだ,고존지다,‘しっている’의 높임말. 알고 계시다,ご存じだ
こたえ,코타에,대답. 답안,答(え)
こたえる,코타에루,대답하다,答える
ごちそう,고치소우,손님을 대접함. 또 그 대접. 맛있는 요리. 진수성찬,御馳走
ごちそうさまでした,고치소우사마데시타,잘 먹었습니다,
こちら,코치라,이쪽,
こちらこそ,코치라코소,저야말로,
こと,코토,일. 것. ...한 적,事
ことし,코토시,올해,今年
ことば,코토바,말. 언어,言葉
こども,코도모,아이. 어린이,子供
ことり,코토리,작은 새,小鳥
ごにん,고닌,5명,五人
こねこ,코네코,새끼 고양이,小猫·子猫
ごねん,고넨,5년,五年
この,코노,이,
このあいだ,코노아이다,전날에. 전에,この間
このごろ,코노고로,요새. 요즘,この頃
このは,코노하,나뭇잎,木の葉
このへん,코노헨,이 근처. 이쯤,この辺
ごはん,고한,밥,御飯
ごふん,고훈,5분,五分
こまかい,코마카이,잘다. 작다. 미세하다,細かい
こまる,코마루,곤란하다. 난처하다,困る
ごみ,고미,쓰레기. 티끌. 먼지,
こむ,코무,혼잡하다. 붐비다,込む
こめ,코메,쌀,米
ごめんなさい,고멘나사이,미안합니다,
ごらんに なる,고란니 나루,보시다,ご覧になる
これ,코레,이것,
これから,코레카라,이제부터. 앞으로,
ころぶ,코로부,쓰러지다. 자빠지다,転ぶ
こわい,코와이,무섭다. 두렵다,怖い
こわす,코와스,부수다. 망가뜨리다,壊す
こわれる,코와레루,부서지다. 망가지다,壊れる
ご-,고-,존경의 뜻 또는 겸손의 뜻을 덧붙이는 말,御
こんかい,콘카이,이번,今回
こんげつ,콘게츠,이번 달,今月
こんしゅう,콘슈우,이번 주,今週
こんど,콘도,이번에. 이 다음에,今度
こんな,콘나,이런,
こんなに,콘나니,이토록. 이렇게,
こんにちは,콘니치하,안녕하십니까,
こんばん,콘반,오늘 밤,今晩
こんばんは,콘반하,안녕하십니까,
こんや,콘야,오늘 밤,今夜
さあ,사아,자아. 어서. 글쎄,
さいきん,사이킨,최근,最近
さいご,사이고,최후. 마지막. 맨 뒤,最後
さいしょ,사이쇼,최초. 처음,最初
さいふ,사이후,지갑,財布
さか,사카,비탈길. 고개,坂
さがす,사가스,찾다,探す·捜す
さかな,사카나,물고기. 생선,魚
さがる,사가루,내리다. 내려가다. 떨어지다,下がる
さかんな,사칸나,성행한. 성대한,盛んな
さき,사키,앞부분. 끝부분,先
さく,사쿠,피다,咲く
さくひん,사쿠힌,작품,作品
さくぶん,사쿠분,작문,作文
さくら,사쿠라,벚나무. 벚꽃,桜
さげる,사게루,내리다. 내려주다,下げる
さしあげる,사시아게루,드리다. 바치다,差し上げる
さす,사스,(우산을) 쓰다,差す
させる,사세루,시키다,
さっき,삿키,아까. 조금 전,先
ざっし,잣시,잡지,雑誌
さとう,사토우,설탕,砂糖
さびしい,사비시이,외롭다. 쓸쓸하다,寂しい
さま,사마,1...님. 2모양. 상태,様
さむい,사무이,춥다,寒い
さようなら,사요우나라,안녕히 가십시오,
さらいげつ,사라이게츠,다다음 달,再来月
さらいしゅう,사라이슈우,다다음 주,再来週
さらいねん,사라이넨,내후년,再来年
さわぐ,사와구,떠들다,騒ぐ
さわる,사와루,닿다. 손을 대다,触る
さん,산,3,三
さんかく,산카쿠,삼각,三角
さんがつ,산가츠,3월,三月
さんぎょう,산교우,산업,産業
さんじ,산지,3시,三時
さんじゅういちにち,산쥬우이치니치,31일,三十一日
さんじゅうにち,산쥬우니치,30일,三十日
さんすう,산스우,산수. 초등 수학. 셈,算数
さんせい,산세이,찬성,賛成
さんにん,산닌,3명,三人
さんねん,산넨,3년,三年
ざんねん,잔넨,유감스러움. 아쉬운 모양,残念
さんぷん,산푼,3분,三分
さんぽ,산포,산책,散歩
し,시,4,四
し,시,시. ...시,市
じ,지,자. 글자. 글씨,字
しあい,시아이,경기. 시합,試合
しお,시오,소금,塩
しかし,시카시,그러나. 그렇지만. 그런데,
しかた,시카타,하는 방법. 수단,仕方
しかたない,시카타나이,할 수 없다. 하는 수 없다. 어쩔 수 없다,仕方ない
しがつ,시가츠,4월,四月
しかる,시카루,꾸짖다. 야단치다,叱る
じかん,지칸,시간,時間
しけん,시켄,시험. 테스트,試験
じこ,지코,사고,事故
しごと,시고토,일. 직업. 업무,仕事
じしょ,지쇼,사전,辞書
じしん,지신,지진,地震
しずかな,시즈카나,조용한,静かな
した,시타,혀,舌
した,시타,아래. 밑,下
じだい,지다이,시대,時代
したぎ,시타기,속옷. 내의,下着
したく,시타쿠,채비. 준비,支度·仕度
したしい,시타시이,친하다. 사이가 좋다,親しい
しち,시치,7,七
しちがつ,시치가츠,7월,七月
しちじ,시치지,7시,七時
しちにん,시치닌,7명,七人
しちねん,시치넨,7년,七年
しちふん,시치훈,7분,七分
しっかり,싯카리,단단히. 꼭. 똑똑히. 정신 차려서. 확고히. 견실하게,
しつない,시츠나이,실내,室内
しっぱい,싯파이,실패. 실수,失敗
しつもん,시츠몬,질문,質問
しつれい,시츠레이,실례. 작별·가벼운 사과·부탁 따위의 인사말,失礼
じてん,지텐,사전,辞典
じてんしゃ,지텐샤,자전거,自転車
じどう,지도우,자동,自動
じどうしゃ,지도우샤,자동차,自動車
しない,시나이,시내,市内
しなもの,시나모노,물품. 물건,品物
しぬ,시누,죽다,死ぬ
しはらい,시하라이,지불. 지급,支払(い)
じびき,지비키,자전. 옥편. 사전,字引
じぶん,지분,자기. 자신,自分
しま,시마,섬,島
しまい,시마이,자매,姉妹
しまう,시마우,끝나다. 끝내다. 마치다. ...해버리다,
しまる,시마루,닫히다,閉まる
しみん,시민,시민,市民
じむしょ,지무쇼,사무소,事務所
しめる,시메루,닫다,閉める
じゃ,쟈,그럼. ‘では’의 전와,
じゃあ,쟈아,→じゃ. ‘では’의 스스럼없는 말씨,
しゃかい,샤카이,사회,社会
しやくしょ,시야쿠쇼,시청,市役所
しゃしん,샤신,사진,写真
しゃちょう,샤쵸우,사장,社長
しゃどう,샤도우,차도. 찻길,車道
じゃま,쟈마,방해. 장애,邪魔
じゅう,쥬우,10,十
じゆう,지유우,자유,自由
じゅう,쥬우,동안. ...중. ...동안. ...내내,中
じゅういちがつ,쥬우이치가츠,11월,十一月
じゅういちじ,쥬우이치지,11시,十一時
じゅういちにち,쥬우이치니치,11일,十一日
じゅうがつ,쥬우가츠,10월,十月
しゅうかん,슈우칸,습관. 관습,習慣
しゅうかん,슈우칸,주간,週間
じゅうくにち,쥬우쿠니치,19일,十九日
じゅうごにち,쥬우고니치,15일,十五日
じゅうさんにち,쥬우산니치,13일,十三日
じゅうじ,쥬우지,10시,十時
じゅうしちにち,쥬우시치니치,17일,十七日
じゅうしょ,쥬우쇼,주소,住所
じゅうどう,쥬우도우,유도,柔道
じゅうにがつ,쥬우니가츠,12월,十二月
じゅうにじ,쥬우니지,12시,十二時
じゅうににち,쥬우니니치,12일,十二日
じゅうにん,쥬우닌,10명,十人
じゅうねん,쥬우넨,10년,十年
じゅうはちにち,쥬우하치니치,18일,十八日
じゅうぶん,쥬우분,충분,十分·充分
じゅうよっか,쥬우욧카,14일,十四日
じゅうろくにち,쥬우로쿠니치,16일,十六日
じゅぎょう,쥬교우,수업,授業
しゅくだい,슈쿠다이,숙제,宿題
しゅじん,슈진,1주인. 2남편,主人
しゅっせき,슛세키,출석,出席
しゅっぱつ,슛파츠,출발,出発
じゅっぷん,쥿푼,10분,十分
しゅみ,슈미,취미,趣味
じゅんび,쥰비,준비,準備
しょうかい,쇼우카이,소개,紹介
しょうがつ,쇼우가츠,설날. 정월,正月
しょうがっこう,쇼우갓코우,초등학교,小学校
じょうずな,죠우즈나,하는 일이 능숙한. 잘한,上手な
しょうせつ,쇼우세츠,소설,小説
しょうたい,쇼우타이,초대,招待
じょうぶな,죠우부나,튼튼한,丈夫な
しょうゆ,쇼우유,간장,醬油
しょうらい,쇼우라이,장래,将来
しょくじ,쇼쿠지,식사,食事
しょくどう,쇼쿠도우,식당,食堂
しょくりょうひん,쇼쿠료우힌,식료품,食料品
じょせい,죠세이,여성,女性
しらせる,시라세루,알리다. 통지하다. 통보하다,知らせる
しらべる,시라베루,조사하다. 찾다. 수색하다,調べる
しる,시루,알다,知る
しろい,시로이,희다. 하얗다,白い
じんこう,진코우,인구,人口
じんじゃ,진쟈,신사,神社
しんねん,신넨,신년. 새해,新年
しんぱい,신파이,걱정. 근심,心配
しんぶん,신분,신문,新聞
すいえい,스이에이,수영,水泳
すいどう,스이도우,수도. 상수도·하수도의 총칭,水道
ずいぶん,즈이분,대단히. 몹시. 꽤. 충분히,随分
すいようび,스이요우비,수요일,水曜日
すう,스우,(담배를) 피우다. 들이마시다. 빨아들이다,吸う
すうがく,스우가쿠,수학,数学
すきな,스키나,좋아하는,好き
すぎる,스기루,지나다. 통과하다. 지내다,過ぎる
すく,스쿠,틈이 나다. 짬이 나다. 속이 비다,空く
すぐ,스구,곧. 즉시,
すくない,스쿠나이,적다,少ない
すぐに,스구니,곧. 즉시. 곧바로,
すごい,스고이,대단하다,凄い
すこし,스코시,조금. 약간. 좀,少し
すずしい,스즈시이,시원하다. 선선하다,涼しい
すすむ,스스무,나아가다. 진출하다,進む
ずつ,즈츠,...씩,
すっかり,슷카리,죄다. 모두. 아주. 완전히,
ずっと,즛토,훨씬. 더,
すてる,스테루,버리다,捨てる
すな,스나,모래,砂
すばらしい,스바라시이,훌륭하다. 근사하다. 굉장하다,素晴らしい
すべる,스베루,미끄러지다,滑る
すみません,스미마센,죄송합니다. 고맙습니다. 부탁합니다,
すむ,스무,살다. 거처하다,住む
すり,스리,소매치기,
する,스루,하다,
すると,스루토,그러자. 그러면. 그렇다면,
すわる,스와루,앉다,座る
せ,세,키,背
せいかつ,세이카츠,생활,生活
せいさん,세이산,생산,生産
せいじ,세이지,정치,政治
せいと,세이토,(초중고)학생. →がくせい,生徒
せいよう,세이요우,서양,西洋
せかい,세카이,세계,世界
せかいじゅう,세카이쥬우,온 세계. 전 세계,世界中
せき,세키,자리. 좌석,席
せっけん,셋켄,비누,石鹸
せつめい,세츠메이,설명,説明
せなか,세나카,등,背中
せびろ,세비로,신사복,背広
せまい,세마이,좁다,狭い
せわ,세와,도와줌. 보살핌. 신세,世話
せん,센,선,線
せん,센,천,千
せんげつ,센게츠,지난달,先月
ぜんこく,젠코쿠,전국,全国
せんしゅ,센슈,선수,選手
せんしゅう,센슈우,지난주,先週
せんせい,센세이,선생님,先生
ぜんぜん,젠젠,전혀,全然
せんせんげつ,센센게츠,지지난 달,先々月
せんせんしゅう,센센슈우,지지난 주,先々週
せんそう,센소우,전쟁,戦争
ぜんたい,젠타이,전체,全体
せんたく,센타쿠,세탁. 빨래,洗濯
せんぱい,센파이,선배,先輩
ぜんぶ,젠부,전부. 모두,全部
せんもん,센몬,전문,専門
そう,소우,그렇게. 그리. 그래,
そうじ,소우지,청소,掃除
そうして,소우시테,그리고. 그리고 나서. 그와 같이 해서. 그렇게 해서,
そうたい,소우타이,조퇴,早退
そうだん,소우단,상담. 상의. 의논,相談
そこ,소코,거기,
そして,소시테,그리고,
そだてる,소다테루,키우다. 기르다. 양육하다,育てる
そちら,소치라,그쪽,
そつぎょう,소츠교우,졸업,卒業
そと,소토,밖. 바깥,外
そとがわ,소토가와,바깥쪽. 외면,外側
その,소노,그,
そば,소바,메밀 국수,
そば,소바,곁. 옆,側·傍
そふ,소후,(나의) 할아버지,祖父
そぼ,소보,(나의) 할머니,祖母
そら,소라,하늘,空
そる,소루,(수염을) 깎다,剃る
それ,소레,그것,
それから,소레카라,그 다음에. 그리고. 그래서,
それで,소레데,그래서. 그런 까닭에. 그로 인해서,
それでは,소레데하,그러면. 그럼. 그렇다면,
それに,소레니,그런데도. 그러함에도. 게다가,
それほど,소레호도,그렇게. 그다지. 그만큼,それ程
そろそろ,소로소로,시간이 다 되어가는 모양. 이제 슬슬,
ぞんじる,존지루,알고 있다 (겸양어),存じる
そんな,손나,그런,
そんなに,손나니,그렇게,
たいいん,타이인,퇴원,退院
だいがく,다이가쿠,대학,大学
だいがくせい,다이가쿠세이,대학생,大学生
たいしかん,타이시칸,대사관,大使館
だいじな,다이지나,중요한. 소중한,大事な
だいじょうぶだ,다이죠우부다,괜찮다,大丈夫だ
だいすきな,다이스키나,매우 좋아하는,大好きな
たいせつな,타이세츠나,소중한. 중요한,大切な
だいたい,다이타이,대체로. 대개. 대충,大体
たいてい,타이테이,대개. 대부분. 대다수,大底·大抵
だいどころ,다이도코로,부엌,台所
だいぶ,다이부,상당히. 어지간히. 꽤,大分
たいふう,타이후우,태풍,台風
たいへん,타이헨,몹시. 매우. 대단히,大変
たいへんな,타이헨나,힘든. 큰일인,大変な
たおれる,타오레루,쓰러지다. 자빠지다. 넘어지다,倒れる
たかい,타카이,1높다. 2비싸다,高い
だから,다카라,그러므로. 그러니까. 그래서,
たくさん,타쿠산,많음. 많이,
たけ,타케,대나무. 대,竹
だけ,다케,...만. ...뿐,
たしか,타시카,확실함. 틀림없음. 믿을 수 있음. 확실히. 분명히. 틀림없이. 아마,確か
たす,타스,더하다. 보태다,足す
だす,다스,내다. 내놓다. ...하기 시작하다,出す
たすう,타스우,다수,多数
たずねる,타즈네루,찾다. 방문하다,訪ねる
ただいま,타다이마,지금. 현재. 방금. 이제 막. 집에 돌아왔을 때의 인사말,只今
ただしい,타다시이,옳다. 바르다. 맞다,正しい
たたみ,타타미,다다미,畳
たつ,타츠,세워지다,建つ
たつ,타츠,서다. 일어서다. 일어나다,立つ
たて,타테,세로,縦
たてもの,타테모노,건물,建物
たてる,타테루,세우다. 짓다. 건조하다,建てる
たとえば,타토에바,예를 들면. 예컨대. 가령. 설령,例えば
たな,타나,선반,棚
たのしい,타노시이,즐겁다,楽しい
たのしみ,타노시미,즐거움. 낙. 기대,楽しみ
たのむ,타노무,부탁하다,頼む
たぶん,타분,아마,多分
たべすぎ,타베스기,과식,食べ過ぎ
たべもの,타베모노,음식물. 먹을 것,食べ物
たべる,타베루,먹다,食べる
たまご,타마고,알. 달걀. 계란,卵
たまに,타마니,드물게. 아주 가끔,
ため,타메,-를 위하여(목적). -때문에(이유),
だめだ,다메다,안되다. 소용없음. 효과가 없음,駄目だ
たりない,타리나이,모자라다. 부족하다. 충분치 않다,足りない
たりる,타리루,족하다. 충분하다,足りる
だれ,다레,누구,誰
たんじょうび,탄죠우비,생일,誕生日
だんせい,단세이,남성,男性
だんだん,단단,차차. 점점,
ち,치,피,血
ちいさい,치이사이,작다,小さい
ちいさな,치이사나,작은,小さな
ちかい,치카이,가깝다,近い
ちがう,치가우,다르다. 틀리다. 잘못되다,違う
ちかく,치카쿠,가까운 곳. 근처,近く
ちかてつ,치카테츠,지하철,地下鉄
ちから,치카라,힘,力
ちず,치즈,지도,地図
ちち,치치,(나의) 아버지,父
ちちおや,치치오야,부친,父親
ちっとも,칫토모,조금도. 전혀,
ちゃいろ,챠이로,갈색,茶色
ちゃわん,챠완,밥공기,茶わん
ちゅうい,츄우이,주의. 조심,注意
ちゅうがくせい,츄우가쿠세이,중학생,中学生
ちゅうがっこう,츄우갓코우,중학교,中学校
ちゅうし,츄우시,중지. 취소,中止
ちゅうしゃ,츄우샤,주차,駐車
ちゅうしゃじょう,츄우샤죠우,주차장,駐車場
ちょうど,쵸우도,꼭. 정확히. 마치. 마침. 알맞게. 딱,
ちょっと,춋토,조금. 좀. 잠깐,
ちり,치리,지리,地理
ついたち,츠이타치,1일(날짜),一日
つかう,츠카우,쓰다. 사용하다,使う
つかまえる,츠카마에루,붙잡다. 붙들다,捕まえる
つかれる,츠카레루,지치다. 피로해지다,疲れる
つき,츠키,달,月
つぎ,츠기,다음,次
つく,츠쿠,붙다. 달라붙다. 묻다,付く
つく,츠쿠,닿다. 도착하다,着く
つくえ,츠쿠에,책상,机
つくる,츠쿠루,만들다,作る
つける,츠케루,붙이다. 대다,付ける
つごう,츠고우,다른 일과의 관계. 형편,都合
つたえる,츠타에루,전하다. 알리다. 전언하다,伝える
つづく,츠즈쿠,계속되다. 잇따르다,続く
つづける,츠즈케루,계속하다,続ける
つつむ,츠츠무,싸다. 포장하다,包む
つとめる,츠토메루,근무하다,勤める
つま,츠마,처. 아내,妻
つまらない,츠마라나이,재미없다. 하찮다. 시시하다. 흥미가 없다,
つめ,츠메,손톱. 발톱,爪
つめたい,츠메타이,차갑다. 차다. 냉정하다. 쌀쌀하다,冷たい
つもり,츠모리,(...할) 생각,
つもる,츠모루,쌓이다,積もる
つゆ,츠유,장마,梅雨
つよい,츠요이,강하다. 세다,強い
つる,츠루,낚다,釣る
つれる,츠레루,데리다. 거느리다. 따르다,連れる
て,테,손,手
ていねい,테이네이,친절함. 정중함. 주의 깊고 신중함,丁寧
でいりぐち,데이리구치,출입구,出入口
でかける,데카케루,외출하다. 나가다,出掛ける
てがみ,테가미,편지,手紙
できる,데키루,1할 수 있다. 할 줄 알다. 가능하다. 2생기다,
できるだけ,데키루다케,가능한 한. 되도록,
でぐち,데구치,출구,出口
てつだう,테츠다우,도와주다,手伝う
では,데하,그러면. 그렇다면. 그럼,
てぶくろ,테부쿠로,장갑,手袋
でも,데모,...라도. ...나. ...든지,
てもと,테모토,손이 미치는 범위. 자기 주위,手元
てら,테라,절,寺
でる,데루,나가다. 나오다,出る
てん,텐,점,点
てんいん,텐인,점원,店員
てんき,텐키,날씨,天気
でんき,덴키,전기. 전기불,電気
でんきだい,덴키다이,전기 요금,電気代
てんきよほう,텐키요호우,일기 예보,天気予報
でんしゃ,덴샤,전철,電車
でんとう,덴토우,전등,電灯
てんぷら,텐푸라,튀김,
でんぽう,덴포우,전보,電報
てんらんかい,텐란카이,전람회,展覧会
でんわ,덴와,전화,電話
と,토,문짝. 문. 대문. 집의 출입구,戸
ど,도,도. 정도. 온도·습도·각도·안경 등의 세기를 나타내는 말,度
どう,도우,어떻게,
どういたしまして,도우이타시마시테,천만에요. 별 말씀을 다 하십니다,
どうぐ,도우구,도구,道具
どうして,도우시테,어째서. 왜,
どうぞ,도우조,아무쪼록. 부디. 어서 ...하세요,
とうとう,토우토우,드디어. 결국. 마침내,
どうぶつ,도우부츠,동물,動物
どうぶつえん,도우부츠엔,동물원,動物園
どうも,도우모,정말. 참. 매우 (고마워요),
とお,토오,열,十
とおい,토오이,멀다,遠い
とおか,토오카,10일,十日
とおく,토오쿠,먼데. 먼곳. 멀리,遠く
とおり,토오리,길. 통함,通り
とおる,토오루,통하다. 걸어다니다,通る
とき,토키,시간. 때,時
ときどき,토키도키,가끔. 때때로,時時
とくに,토쿠니,특히. 특별히,特に
とくべつ,토쿠베츠,특별,特別
とけい,토케이,시계,時計
どこ,도코,어디,
とこや,토코야,이발소,床屋
ところ,토코로,곳. 장소,所
とし,토시,해. 나이. 연령,年
としょかん,토쇼칸,도서관,図書館
とじる,토지루,닫다,閉じる
とちゅう,토츄우,도중,途中
どちら,도치라,어느 쪽,
とっきゅう,톳큐우,특급,特急
とても,토테모,대단히. 매우,
とどく,토도쿠,닿다. 배달되다,届く
とどける,토도케루,닿게 하다. 배달하다. 보내주다. 신고하다,届ける
どなた,도나타,어느 분. 누구,
となり,토나리,이웃. 옆. 이웃집,隣
どの,도노,어느,
とぶ,토부,날다,飛ぶ
とまる,토마루,묵다. 숙박하다,泊まる
とまる,토마루,멈추다. 멎다. 그치다. 정지하다. 서다,止まる
とめる,토메루,숙박시키다. 묵게 하다. 정박시키다,泊める
とめる,토메루,멈추다. 세우다. 정지시키다,止める
ともだち,토모다치,친구,友達
どようび,도요우비,토요일,土曜日
とり,토리,새,鳥
とりかえる,토리카에루,바꾸다. 교환하다. 갈다,取り替える·取り換える
とりにく,토리니쿠,닭고기,鳥肉
とる,토루,찍다,撮る
とる,토루,잡다. 들다. 쥐다,取る
どれ,도레,어느 것,
どろぼう,도로보우,도둑,泥棒
どんどん,돈돈,자꾸. 계속. 부쩍부쩍. 일이 순조롭게 진척되는 모양,
どんな,돈나,어떤,
どんなに,돈나니,아무리,
ない,나이,없다,
ないぶ,나이부,내부,内部
なおす,나오스,고치다. 정정하다. 바로잡다,直す
なおす,나오스,고치다. 치료하다,治す
なおる,나오루,고쳐지다. 바로잡히다,直る
なおる,나오루,낫다. 치료되다,治る
なか,나카,가운데. 중. 안. 속,中
ながい,나가이,길다,長い
なかなか,나카나카,상당히. 꽤. 좀처럼. 그리 간단히는 일이 달성되기까지 시간이 걸리는 모양,
ながれる,나가레루,흐르다. 흘러내리다. 흘러가다,流れる
なく,나쿠,(동물이) 소리를 내다. 울다,鳴く
なく,나쿠,울다,泣く
なくす,나쿠스,없애다. 잃다,無くす
なくなる,나쿠나루,죽다. 돌아가시다,亡くなる
なくなる,나쿠나루,없어지다. 보이지 않게 되다. 다 떨어지다. 다하다,無くなる
なげる,나게루,던지다,投げる
なさる,나사루,하시다 (する의 존경어),
なぜ,나제,왜. 어째서,
なつ,나츠,여름,夏
なつやすみ,나츠야스미,여름 방학. 여름휴가,夏休み
など,나도,따위. 등,等
なな,나나,일곱. 7,七
ななつ,나나츠,일곱,七つ
ななにん,나나닌,7명,七人
ななねん,나나넨,7년,七年
ななふん,나나훈,7분,七分
なに,나니,무엇,何
なのか,나노카,7일,七日
なまえ,나마에,이름,名前
なまビール,나마비ー루,생맥주,生ビール
ならう,나라우,배우다,習う
ならぶ,나라부,한 줄로 서다. 배치되다,並ぶ
ならべる,나라베루,늘어놓다. 나란히 서게 하다. 배치하다,並べる
なる,나루,(...이) 되다,
なる,나루,울리다. 소리가 나다,鳴る
なるべく,나루베쿠,될 수 있는 한. 가능한 한. 되도록,
なるほど,나루호도,정말. 과연,
なれる,나레루,익숙해지다. 길들다,慣れる
なん,난,=なに. 몇...,何
なんかい,난카이,몇 회. 몇 번(횟수),何回
なんがい,난가이,몇 층(なんかい로도 읽음),何階
なんがつ,난가츠,몇 월,何月
なんこ,난코,몇 개,何個
なんじ,난지,몇 시,何時
なんど,난도,몇 번. 여러 번,何度
なんにち,난니치,며칠,何日
なんにん,난닌,몇 명,何人
なんねん,난넨,몇 년,何年
なんばい,난바이,몇 잔,何杯
なんばん,난반,몇 번(번호),何番
なんぷん,난푼,몇 분,何分
なんぼん,난본,몇 자루. 몇 병,何本
なんまい,난마이,몇 장,何枚
なんようび,난요우비,무슨 요일,何曜日
に,니,2,二
にあう,니아우,잘 맞다. 어울리다,似合う
におい,니오이,냄새,匂い
にがい,니가이,쓰다. 씁쓸하다,苦い
にがつ,니가츠,2월,二月
にぎやかな,니기야카나,활기찬. 번화한,賑やかな
にく,니쿠,고기,肉
にくや,니쿠야,정육점,肉屋
にげる,니게루,도망치다. 달아나다,逃げる
にし,니시,서쪽,西
にじ,니지,2시,二時
にじゅういちにち,니쥬우이치니치,21일,二十一日
にじゅうくにち,니쥬우쿠니치,29일,二十九日
にじゅうごにち,니쥬우고니치,25일,二十五日
にじゅうさんにち,니쥬우산니치,23일,二十三日
にじゅうしちにち,니쥬우시치니치,27일,二十七日
にじゅうににち,니쥬우니니치,22일,二十二日
にじゅうはちにち,니쥬우하치니치,28일,二十八日
にじゅうよっか,니쥬우욧카,24일,二十四日
にじゅうろくにち,니쥬우로쿠니치,26일,二十六日
にちようび,니치요우비,일요일,日曜日
にっき,닛키,일기,日記
にねん,니넨,2년,二年
にふん,니훈,2분,二分
にほん,니혼,일본,日本
にほんじん,니혼진,일본인,日本人
にもつ,니모츠,화물. 짐,荷物
にゅういん,뉴우인,입원,入院
にゅうがく,뉴우가쿠,입학,入学
にゅうしゃ,뉴우샤,입사,入社
にる,니루,닮다. 비슷하다,似る
にわ,니와,정원. 마당. 뜰,庭
にんぎょう,닌교우,인형. 꼭두각시,人形
にんじん,닌진,당근,人参
ぬぐ,누구,벗다,脱ぐ
ぬすむ,누스무,훔치다,盗む
ぬる,누루,바르다. 칠하다,塗る
ぬるい,누루이,미지근하다,
ぬれる,누레루,젖다,濡れる
ねがう,네가우,원하다. 바라다,願う
ねこ,네코,고양이,猫
ねだん,네단,값. 가격,値段
ねつ,네츠,열,熱
ねぼう,네보우,늦잠을 잠. 잠꾸러기,寝坊
ねむい,네무이,졸리다,眠い
ねむたい,네무타이,졸리다,眠たい
ねむる,네무루,자다. 잠자다,眠る
ねる,네루,자다,寝る
ねんだい,넨다이,연대. 경과한 시대,年代
のこる,노코루,남다,残る
のど,노도,목구멍,喉
のぼる,노보루,올라가다,登る
のみすぎ,노미스기,과음,飲みすぎ
のみもの,노미모노,마실 것. 음료,飲(み)物
のむ,노무,마시다. (약을) 먹다,飲む
のりかえ,노리카에,갈아탐. 바꿔 탐,乗り換え
のりかえる,노리카에루,바꿔 타다. 갈아타다,乗り換える
のりもの,노리모노,탈것. 교통 기관,乗(り)物
のる,노루,(탈것에) 타다,乗る
は,하,잎. 잎사귀,葉
は,하,이,歯
ばあい,바아이,경우,場合
はい,하이,네,
はいけんする,하이켄스루,보다(見る의 겸양어),拝見する
はいざら,하이자라,재떨이,灰皿
はいしゃ,하이샤,치과 의사,歯医者
はいる,하이루,들어오다. 들어가다,入る
はがき,하가키,엽서,葉書
ばかり,바카리,...만. ...정도. ...쯤,
はく,하쿠,(바지를) 입다. (신발을) 신다,
はくさい,하쿠사이,배추,白菜
はこ,하코,상자,箱
はこぶ,하코부,운반하다. 옮기다,運ぶ
はし,하시,다리,橋
はじまり,하지마리,시작. 시초,始まり
はじまる,하지마루,시작되다,始まる
はじめて,하지메테,처음. 첫 번째,初めて
はじめに,하지메니,우선. 먼저,
はめまして,하메마시테,처음 뵙겠습니다,始めまして·初めまして
はじめる,하지메루,시작하다. ...하기 시작하다,始める
ばしょ,바쇼,장소. 곳. 위치. 자리,場所
はしる,하시루,달리다. 뛰다,走る
はず,하즈,반드시 ...할 것임. ...할 리,
はずかしい,하즈카시이,부끄럽다. 면목 없다. 창피하다,恥ずかしい
はたち,하타치,스무 살,二十歳
はたらく,하타라쿠,일하다. 노동을 하다,働く
はち,하치,8,八
はちがつ,하치가츠,8월,八月
はちじ,하치지,8시,八時
はちにん,하치닌,8명,八人
はちねん,하치넨,8년,八年
はちふん,하치훈,8분,八分
はつおん,하츠온,발음,発音
はつか,하츠카,20일,二十日
はっきり,핫키리,똑똑히. 명확히,
はっぷん,핫푼,8분,八分
はな,하나,코,鼻
はな,하나,꽃,花·華
はなし,하나시,이야기. 말,話
はなす,하나스,이야기하다. 말하다,話す
はなみ,하나미,꽃구경. 꽃놀이,花見
はね,하네,날개. 새털. 깃,羽
はは,하하,(나의) 어머니,母
はやい,하야이,빠르다,速い
はやい,하야이,이르다,早い
はやし,하야시,숲,林
はらう,하라우,(돈을) 내다. 지불하다,払う
はる,하루,봄,春
はれ,하레,하늘이 갬. 날씨가 좋음,晴れ
はれる,하레루,(날씨가) 개다,晴れる
はん,한,반. 절반,半
ばん,반,저녁때. 밤,晩
ばん,반,순서. 차례,番
ばんぐみ,반구미,프로,番組
ばんごう,반고우,번호,番号
ばんごはん,반고한,저녁 식사,晩御飯
はんたい,한타이,반대,反対
はんぶん,한분,절반. 반,半分
パンや,판야,빵집,パン屋
ひ,히,해. 햇빛. 볕,日
ひえる,히에루,차가워지다. 식다,冷える
ひがし,히가시,동쪽,東
ひかり,히카리,빛,光
ひかる,히카루,빛나다. 빛을 내다. 번쩍이다,光る
ひきだし,히키다시,서랍. 찾아냄. 인출,引き出し
ひく,히쿠,당기다. 끌다,引く
ひく,히쿠,악기를 연주하다. 켜다. 타다,弾く
ひくい,히쿠이,낮다,低い
ひげ,히게,수염,
ひこうき,히코우키,비행기,飛行機
ひこうじょう,히코우죠우,비행장,飛行場
ひさしぶり,히사시부리,오래간만,久しぶり
びじゅつかん,비쥬츠칸,미술관,美術館
ひじょうに,히죠우니,매우. 상당히,非常に
ひだり,히다리,좌. 왼쪽,左
びっくり,빗쿠리,깜짝 놀람,
ひっこす,힛코스,이사하다,引(っ)越す
ひつよう,히츠요우,필요,必要
ひと,히토,사람,人
ひどい,히도이,심하다. 호되다. 지독하다. 엄청나다,
ひとつ,히토츠,하나,一つ
ひとつき,히토츠키,한 달. 1개월,一月
ひとり,히토리,한 사람,一人
ひまな,히마나,한가한,暇な
ひゃく,햐쿠,백,百
ひゃくてん,햐쿠텐,100점,百点
びょういん,뵤우인,병원,病院
びょうき,뵤우키,병,病気
ひらく,히라쿠,열리다,開く
ひる,히루,낮,昼
ひるごはん,히루고한,점심,昼御飯
ひるま,히루마,낮. 낮동안,昼間
ひるやすみ,히루야스미,점심 후의 휴식. 점심시간,昼休み
ひろい,히로이,넓다,広い
ひろう,히로우,줍다,拾う
ひろさ,히로사,넓이,広さ
ふうとう,후우토우,봉투,封筒
ふえる,후에루,늘다. 늘어나다. 증가하다,増える
ふかい,후카이,깊다,深い
ふく,후쿠,옷. 양복,服
ふく,후쿠,불다,吹く
ふくざつ,후쿠자츠,복잡,複雑
ふくしゅう,후쿠슈우,복습,復習
ふたつ,후타츠,둘,二つ
ぶたにく,부타니쿠,돼지고기,豚肉
ふたり,후타리,두 사람,二人
ぶちょう,부쵸우,부장,部長
ふつう,후츠우,보통,普通
ふつか,후츠카,2일,二日
ぶつかる,부츠카루,부딪다. 부닥치다. 충돌하다. 마주치다,
ふとい,후토이,굵다,太い
ぶどう,부도우,포도,葡萄
ふとる,후토루,살찌다,太る
ふとん,후톤,이불,布団
ふね,후네,배,船·舟
ふべん,후벤,불편,不便
ふむ,후무,밟다,踏む
ふゆ,후유,겨울,冬
ふる,후루,(비나 눈이) 내리다,降る
ふるい,후루이,오래되다. 낡다,古い
ふろ,후로,목욕탕,風呂
ぶんか,분카,문화,文化
ぶんがく,분가쿠,문학,文学
ぶんしょ,분쇼,문서. 서류,文書
ぶんしょう,분쇼우,문장,文章
ぶんぽう,분포우,문법,文法
へた,헤타,서투름. 어설픔. 잘 못함,下手
べつに,베츠니,별로,別に
へや,헤야,방,部屋
ぺらぺら,페라페라,거침없이 잘 지껄이는 모양. 술술,
へん,헨,변. 보통이 아님. 이상함,変
へん,헨,변. 근처. 부근. 정도,辺
べんきょう,벤쿄우,공부,勉強
へんじ,헨지,대답. 답장. 응답,返事
べんとう,벤토우,도시락,弁当
べんりな,벤리나,편리한,便利な
ほう,호우,...쪽. ...하는 편,方
ぼうえき,보우에키,무역,貿易
ぼうし,보우시,모자,帽子
ほうそう,호우소우,방송,放送
ほうりつ,호우리츠,법률,法律
ほか,호카,다른 것. ...외,外
ぼく,보쿠,남자의 자칭. 나,僕
ほし,호시,별,星
ほしい,호시이,가지고 싶다. 탐나다. 바라다,欲しい
ほそい,호소이,가늘다. 폭이 좁다,細い
ほとんど,호톤도,대부분. 거의,
ほね,호네,뼈,骨
ほめる,호메루,칭찬하다,褒める
ほん,혼,책. ...자루. ...병,本
ほんき,혼키,본마음. 진심. 본정신,本気
ほんだな,혼다나,서가. 책장,本棚
ほんとう,혼토우,진실. 정말,本当
ほんとうに,혼토우니,정말로. 참으로,本当に
ほんや,혼야,책방. 서점,本屋
まいあさ,마이아사,매일 아침,毎朝
まいげつ = まいつき,마이게츠 = 마이츠키,매월,毎月
まいしゅう,마이슈우,매주,毎週
まいつき,마이츠키,매월. 달마다,毎月
まいとし,마이토시,매년. 해마다,毎年
まいにち,마이니치,매일,毎日
まいねん = まいとし,마이넨 = 마이토시,매년,毎年
まいばん,마이반,매일 밤,毎晩
まいる,마이루,‘가다. 오다’의 겸양어,参る
まえ,마에,앞. 전,前
まがる,마가루,구부러지다. 굽다. 방향을 바꾸다. 돌다,曲がる
まける,마케루,지다. 패하다. 값을 깎아주다,負ける
まご,마고,손자,孫
まじめな,마지메나,착실함. 성실함,真面目な
まず,마즈,우선. 첫째로,
まずい,마즈이,맛없다. 서투르다. 졸렬하다. 곤란하다,
また,마타,또. 또한. 다시,
まだ,마다,아직,
または,마타하,또는. 혹은. 그게 아니면,
まち,마치,동네. ...동,町
まちがえる,마치가에루,잘못하다. 틀리다. 다른 것으로 착각하다. 잘못 알다,間違える
まつ,마츠,기다리다,待つ
まっすぐ,맛스구,쭉. 곧음. 똑바로,
まど,마도,창문,窓
まどぐち,마도구치,창구,窓口
まにあう,마니아우,시간에 대다. 제시간에 가다,間に合う
まもる,마모루,지키다,守る
まるい,마루이,둥글다,円い
まるい,마루이,둥글다,丸い
まわる,마와루,돌다. 회전하다,回る
まん,만,만,万
まんが,만가,만화,漫画
まんなか,만나카,한가운데,真ん中
まんねんひつ,만넨히츠,만년필,万年筆
みえる,미에루,보이다,見える
みがく,미가쿠,닦다,磨く
みぎ,미기,오른쪽,右
みじかい,미지카이,짧다,短い
みず,미즈,물,水
みせ,미세,가게,店
みせる,미세루,보여주다,見せる
みち,미치,길. 도로,道
みっか,밋카,3일,三日
みつかる,미츠카루,발견되다. 찾게 되다,見付かる
みつける,미츠케루,찾아내다. 발견하다,見付ける
みっつ,밋츠,셋,三つ
みどり,미도리,녹색. 초록,緑
みな,미나,다. 모두. 전부,皆
みなさん,미나산,여러분,皆さん
みなと,미나토,항구,港
みなみ,미나미,남쪽,南
みみ,미미,귀,耳
みる,미루,보다,見る
みんな,민나,모두,皆
むいか,무이카,6일,六日
むかえる,무카에루,맞이하다. 마중하다,迎える
むかし,무카시,옛날,昔
むこう,무코우,저쪽. 건너편,向(こ)う
むし,무시,벌레. 곤충,虫
むずかしい,무즈카시이,어렵다,難しい
むすこ,무스코,아들,息子
むすこさん,무스코산,아드님,息子さん
むすめ,무스메,딸,娘
むすめさん,무스메산,따님,娘さん
むっつ,뭇츠,여섯,六つ
むら,무라,마을. 촌. 시골,村
むり,무리,무리. 억지,無理
め,메,눈,目
めがね,메가네,안경,眼鏡
めしあがる,메시아가루,잡수시다. 드시다.‘飲む’‘食べる’의 존경어,召し上がる
めずらしい,메즈라시이,드물다. 희귀하다. 귀하다,珍しい
もう,모우,벌써. 이미. 더,
もういちど,모우이치도,한번 더,もう一度
もうしあげる,모우시아게루,말씀드리다,申し上げる
もうす,모우스,말하다. ‘言う’의 겸양어,申す
もうすぐ,모우스구,이제. 곧. 머지않아,
もうひとつ,모우히토츠,하나 더. 조금 더,もう一つ
もくようび,모쿠요우비,목요일,木曜日
もし,모시,만약. 만일,
もしもし,모시모시,여보세요,
もちかえり,모치카에리,가지고 돌아감. 특히 산 물건을 직접 갖고 감,持ち帰り
もちろん,모치론,물론,勿論
もつ,모츠,쥐다. 들다. 가지다,持つ
もっと,못토,더. 더욱,
もどす,모도스,되돌리다,戻す
もどる,모도루,되돌아가다,戻る
もの,모노,것. 물건,
もの,모노,것. 물건. ...물,物
もめん,모멘,무명. 면직물. 솜,木綿
もらう,모라우,받다. 얻다,
もり,모리,수풀. 삼림,森
もん,몬,문. 대문. 출입구. ...문,門
もんだい,몬다이,문제,問題
やおや,야오야,야채가게,八百屋
やかん,야칸,야간,夜間
やく,야쿠,굽다. 태우다,焼く
やくそく,야쿠소쿠,약속,約束
やくにたつ,야쿠니타츠,도움이 되다. 쓸모가 있다,役に立つ
やける,야케루,타다. 구워지다,焼ける
やさい,야사이,야채. 채소,野菜
やさしい,야사시이,쉽다,易しい
やさしい,야사시이,상냥하다. 온순하다. 정답다,優しい
やすい,야스이,싸다. 저렴하다,安い
やすみ,야스미,쉼. 휴식. 쉬는 시간. 휴일. 휴가,休み
やすむ,야스무,쉬다,休む
やせる,야세루,여위다. 살이 빠지다,痩せる
やっつ,얏츠,여덟,八つ
やっと,얏토,겨우. 가까스로,
やっぱり = やはり,얏파리 = 야하리,역시. 예상과 같이,
やま,야마,산,山
やまみち,야마미치,산길,山道
やむ,야무,멈추다. 그치다. 멎다,止む
やめる,야메루,그만두다. 중지하다. 끊다,止める
やる,야루,1(아랫사람에게) 주다. 2 하다 (する의 회화체),
やわらかい,야와라카이,부드럽다,柔らかい
ゆうがた,유우가타,저녁때. 해질녘,夕方
ゆうごはん,유우고한,저녁밥,夕御飯
ゆうしょく,유우쇼쿠,저녁밥. 저녁 식사,夕食
ゆうはん,유우한,= ゆうごはん 저녁밥,夕飯
ゆうびんきょく,유우빈쿄쿠,우체국,郵便局
ゆうべ,유우베,저녁때. 저녁때부터 시작하는 모임. 특정한 모임을 갖는 밤,夕べ
ゆうべ,유우베,어제 저녁. 어젯밤,昨夜
ゆうめい,유우메이,유명,有名
ゆき,유키,눈,雪
ゆく,유쿠,가다. 떠나다 =いく,行く
ゆしゅつ,유슈츠,수출,輸出
ゆっくり,윳쿠리,1 천천히. 2 푹(쉬다),
ゆにゅう,유뉴우,수입,輸入
ゆび,유비,손가락,指
ゆびわ,유비와,반지. 가락지,指輪
ゆめ,유메,꿈,夢
ゆれる,유레루,흔들리다,揺れる
よい,요이,=いい 좋다,良い
よい,요이,취함. 취기,酔い
ようい,요우이,용의. 준비. 대비,用意
ようか,요우카,8일,八日
ようじ,요우지,볼일. 용건,用事
ようふく,요우후쿠,양복,洋服
よく,요쿠,잘. 자주. 좋게,
よこ,요코,옆. 가로. 측면,横
よごれる,요고레루,더러워지다. 지저분해지다,汚れる
よじ,요지,4시,四時
よしゅう,요슈우,예습,予習
よっか,욧카,4일. 나흘. 초나흗날,四日
よっつ,욧츠,넷,四つ
よてい,요테이,예정,予定
よにん,요닌,4명,四人
よねん,요넨,4년,四年
よぶ,요부,소리내어 부르다,呼ぶ
よみかた,요미카타,읽는 법,読み方
よみもの,요미모노,읽게 만들어진 것. 읽을거리,読(み)物
よむ,요무,읽다,読む
よやく,요야쿠,예약,予約
よる,요루,들르다. 접근하다. 다가가다,寄る
よる,요루,밤,夜
よろこぶ,요로코부,기뻐하다. 즐거워하다,喜ぶ
よろしい,요로시이,いい의 공손한 말씨. 좋다. 적절하다. 알맞다. 해도 되다,
よわい,요와이,약하다,弱い
よん,욘,넷. 4,四
よんぷん,욘푼,4분,四分
らいげつ,라이게츠,다음 달,来月
らいしゅう,라이슈우,다음 주,来週
らいねん,라이넨,내년,来年
りっぱな,릿파나,훌륭한,立派な
りゆう,리유우,이유,理由
りゅうがくせい,류우가쿠세이,유학생,留学生
りよう,리요우,이용,利用
りょうしん,료우신,양친. 부모,両親
りょうほう,료우호우,양방. 쌍방. 양쪽,両方
りょうり,료우리,요리,料理
りょかん,료칸,여관,旅館
りょこう,료코우,여행,旅行
りんご,린고,사과,
るす,루스,외출하고 집에 없음. 부재중,留守
れい,레이,영. 제로 =ゼロ,零
れいぞうこ,레이조우코,냉장고,冷蔵庫
れいぼう,레이보우,냉방,冷房
れきし,레키시,역사,歴史
れっしゃ,렛샤,열차,列車
れんしゅう,렌슈우,연습,練習
れんらく,렌라쿠,연락,連絡
ろうか,로우카,복도,廊下
ろうじん,로우진,노인,老人
ろく,로쿠,6,六
ろくがつ,로쿠가츠,6월,六月
ろくじ,로쿠지,6시,六時
ろくにん,로쿠닌,6명,六人
ろくねん,로쿠넨,6년,六年
ろっぷん,롯푼,6분,六分
わかい,와카이,젊다,若い
わかす,와카스,데우다. 끓이다,沸かす
わかる,와카루,알다. 판단·이해할 수 있다,分かる
わかれる,와카레루,헤어지다. 이별하다. 작별하다,別れる
わく,와쿠,끓다,沸く
わけ,와케,의미. 뜻. 도리. 사리. 원인. 사정,訳
わざわざ,와자와자,일부러. 고의로. →わざと,
わすれもの,와스레모노,물건을 깜박 잊고 옴. 또는 그 잊은 물건,忘れ物
わすれる,와스레루,잊다. 잊어버리다,忘れる
わたくし,와타쿠시,わたし보다 더 공손한 말씨,私
わたし,와타시,나. 저,私
わたす,와타스,건네주다. 건너가게 하다,渡す
わたる,와타루,건너다. 건너가다,渡る
わらう,와라우,웃다,笑う
わる,와루,나누다,割る
わるい,와루이,나쁘다. 못되다. 좋지 않다,悪い
われる,와레루,갈라지다. 갈리다. 분열되다,割れる
-いん,-인,...원 (회사+원 등),員
-おき,-오키,...간격. ...걸러,置き
-かい,-카이,...층,階
-かい,-카이,...회. ...번(횟수),回
-かげつ,-카게츠,...개월,か月
-がる,-가루,...어하다 (したがる: 하고 싶어하다),
-くん,-쿤,...군,君
-けん,-켄,집을 세는 단위. ...채,軒
-こ,-코,...개,個
-ご,-고,...어(언어),語
-ごろ,-고로,...경. ...무렵,頃
-じ,-지,...시,時
-じん,-진,-인. -사람,人
-せい,-세이,...제. 만든 재료·회사명·국명을 나타내는 말,製
-だい,-다이,...요금. ...비,代
-だい,-다이,...대,台
-たち,-타치,...들,達
-だて,-다테,건물의 양식이나 층수를 나타내는 말,建(て)
-ちゃん,-챤,친근감을 주는 호칭,
-はい,-하이,...잔. 공기나 잔 따위에 든 것을 세는 말,杯
-ばい,-바이,...배. 갑절,倍
-ばん,-반,...번(번호),番
-ばんせん,-반센,...호선,番線
-ひき,-히키,...마리,匹
-びょう,-뵤우,...초,秒
-ふん,-훈,...분. 시간의 단위. 각도의 단위,分
-ほん,-혼,...자루. ...병,本
-まい,-마이,...매. ...장,枚
-や,-야,...가게. 그 직업을 가진 종사자,屋
